{
  "interactionModel": {
    "languageModel": {
      "invocationName": "recipe skill",
      "intents": [
        {
          "name": "AMAZON.CancelIntent",
          "samples": []
        },
        {
          "name": "AMAZON.HelpIntent",
          "samples": []
        },
        {
          "name": "AMAZON.NextIntent",
          "samples": []
        },
        {
          "name": "AMAZON.PreviousIntent",
          "samples": []
        },
        {
          "name": "AMAZON.NoIntent",
          "samples": []
        },
        {
          "name": "AMAZON.PauseIntent",
          "samples": []
        },
        {
          "name": "AMAZON.RepeatIntent",
          "samples": []
        },
        {
          "name": "AMAZON.StartOverIntent",
          "samples": []
        },
        {
          "name": "AMAZON.StopIntent",
          "samples": []
        },
        {
          "name": "AMAZON.YesIntent",
          "samples": []
        },
        {
          "name": "CookIntent",
          "samples": [
            "cook",
            "begin",
            "begin cooking"
          ]
        },
        {
          "name": "IngredientsIntent",
          "samples": [
            "ingredients",
            "shopping list"
          ]
        }
      ]
    }
  }
}
