{
  "interactionModel": {
    "languageModel": {
      "invocationName": "greeter",
      "types": [

      ],
      "intents": [
        {
          "name": "AMAZON.CancelIntent",
          "samples": [

          ]
        },
        {
          "name": "AMAZON.HelpIntent",
          "samples": [

          ]
        },
        {
          "name": "AMAZON.StopIntent",
          "samples": [

          ]
        },
        {
          "name": "HelloWorldIntent",
          "slots": [

          ],
          "samples": [
            "hello",
            "say hello",
            "say hello world"
          ]
        }
      ]
    }
  }
}
