{
  "manifest": {
    "publishingInformation": {
      "locales": {
        "en-IN": {
          "summary": "Sample Short Description",
          "examplePhrases": [
            "Alexa open hello world",
            "Alexa tell hello world hello",
            "Alexa ask hello world say hello"
          ],
          "name": "newRecipeSkill",
          "description": "Sample Full Description"
        }
      },
      "isAvailableWorldwide": true,
      "testingInstructions": "Sample Testing Instructions.",
      "category": "EDUCATION_AND_REFERENCE",
      "distributionCountries": []
    },
    "apis": {
      "custom": {
        "endpoint": {
          "sourceDir": "lambda/custom"
        }
      }
    },
    "manifestVersion": "1.0"
  }
}
